Workbook

Sheet MASTER SEO
A1: ID | B1: Grupo / Silo | C1: Keyword principal | D1: Variações | E1: Intenção | F1: Volume | G1: Posição atual | H1: URL atual | I1: URL dona / alvo | J1: Decisão | K1: Prioridade | L1: Status | M1: Última alteração | N1: Tipo de alteração | O1: Próxima revisão | P1: Resultado da revisão | Q1: Posição anterior | R1: Variação posição | S1: Observações
A2: 1 | B2: Melhor fogão 5 bocas | C2: melhor fogao 5 bocas | D2: melhores fogoes 5 bocas; melhores fogoes de 5 bocas; melhor fogão de 5 bocas; qual é o melhor fogao de 5 bocas; qual melhor fogao 5 bocas; fogão 5 bocas bom | E2: Investigação comercial | F2: 1000 | G2: 62 | H2: /melhores-fogoes-5-bocas/ | I2: /melhores-fogoes-5-bocas/ | J2: Otimizar | K2: Alta | L2: Em monitoramento | O2: =IF(M2="","",M2+28) | R2: =IF(OR(G2="",Q2=""),"",Q2-G2) | S2: Hub/ranking principal.
A3: 2 | B3: Fogão 5 bocas custo-benefício | C3: melhor fogao 5 bocas custo beneficio | D3: fogao 5 bocas melhor custo beneficio; fogão 5 bocas bom e barato | E3: Investigação comercial | F3: 140 | G3: 62 | H3: /fogao-5-bocas-custo-beneficio/ | I3: /fogao-5-bocas-custo-beneficio/ | J3: Acompanhar | K3: Alta | L3: Em monitoramento | O3: =IF(M3="","",M3+28) | R3: =IF(OR(G3="",Q3=""),"",Q3-G3) | S3: Intenção comercial específica.
A4: 3 | B4: Tamanho do fogão 5 bocas | C4: tamanho do fogao 5 bocas | D4: tamanho fogão 5 bocas | E4: Informacional | F4: 90 | G4: 31 | H4: /melhores-fogoes-5-bocas/ | I4: /melhores-fogoes-5-bocas/ | J4: Avaliar | K4: Média | L4: Mapeado | O4: =IF(M4="","",M4+28) | R4: =IF(OR(G4="",Q4=""),"",Q4-G4) | S4: Avaliar a URL atual antes de criar artigo.
A5: 4 | B5: Melhor marca de fogão 5 bocas | C5: melhor marca de fogão 5 bocas | D5: qual a melhor marca de fogão 5 bocas; melhores marcas de fogão 5 bocas | E5: Investigação comercial | F5: 110 | G5: 53 | H5: /melhores-fogoes-5-bocas/ | I5: /melhores-fogoes-5-bocas/ | J5: Avaliar | K5: Alta | L5: Mapeado | O5: =IF(M5="","",M5+28) | R5: =IF(OR(G5="",Q5=""),"",Q5-G5) | S5: Verificar arquitetura antes de nova URL.
A6: 5 | B6: Fogão Consul é bom | C6: fogao consul é bom | E6: Investigação comercial | I6: /review-fogao-mesa-de-vidro-consul/ | J6: Mapear | K6: Média | L6: Mapeado | O6: =IF(M6="","",M6+28) | R6: =IF(OR(G6="",Q6=""),"",Q6-G6) | S6: Não confundir com Consul + mesa de vidro.
A7: 6 | B7: Fogão Consul mesa de vidro | C7: fogao consul mesa de vidro | E7: Investigação comercial | F7: 2400 | G7: 24 | H7: /review-fogao-mesa-de-vidro-consul/ | I7: /review-fogao-mesa-de-vidro-consul/ | J7: Otimizar | K7: Alta | L7: Alterado / monitorando | M7: 46267 | N7: SEO on-page | O7: =IF(M7="","",M7+28) | P7: Alteração realizada | Q7: 24 | R7: =IF(OR(G7="",Q7=""),"",Q7-G7) | S7: Aguardar indexação antes de nova intervenção.
A8: 7 | B8: Fogão com mesa de vidro | C8: fogao com mesa de vidro | E8: Investigação comercial | H8: /review-fogao-mesa-de-vidro-consul/ | I8: /melhores-fogoes-mesa-de-vidro/ | J8: Mapear | K8: Alta | L8: Mapeado | O8: =IF(M8="","",M8+28) | R8: =IF(OR(G8="",Q8=""),"",Q8-G8) | S8: Intenção genérica deve pertencer ao hub.
A9: 8 | B9: Mesa de vidro ou inox | C9: fogão com mesa de vidro ou inox | E9: Informacional / comparação | I9: /melhores-fogoes-mesa-de-vidro/ | J9: Mapear | K9: Média | L9: Mapeado | O9: =IF(M9="","",M9+28) | R9: =IF(OR(G9="",Q9=""),"",Q9-G9) | S9: Decisão comparativa entre materiais.
A10: 9 | B10: Fogão 4 bocas custo-benefício | C10: fogão 4 bocas custo benefício | E10: Investigação comercial | F10: 90 | G10: 46 | H10: /fogao-4-bocas-custo-beneficio/ | I10: /fogao-4-bocas-custo-beneficio/ | J10: Acompanhar | K10: Média | L10: Mapeado | O10: =IF(M10="","",M10+28) | R10: =IF(OR(G10="",Q10=""),"",Q10-G10) | S10: Categoria diferente de 5 bocas.
A11: 10 | B11: Modelo BFS5NCR | C11: bfs5ncr | E11: Navegacional | F11: 390 | G11: 35 | H11: / | J11: Mapear | K11: Baixa | L11: Mapeado | O11: =IF(M11="","",M11+28) | R11: =IF(OR(G11="",Q11=""),"",Q11-G11) | S11: Busca por código de modelo/SKU.
A12: 11 | B12: Comparativo de eletrodomésticos | C12: comparativo de eletrodomésticos | E12: Informacional / comparação | F12: 170 | G12: 42 | H12: / | J12: Avaliar | K12: Baixa | L12: Mapeado | O12: =IF(M12="","",M12+28) | R12: =IF(OR(G12="",Q12=""),"",Q12-G12) | S12: Consulta genérica; não atribuir automaticamente ao silo de fogões.
A13: 12 | B13: Eletrodoméstico com melhor avaliação | C13: eletrodoméstico com melhor avaliação | E13: Investigação comercial | F13: 140 | G13: 39 | H13: / | J13: Avaliar | K13: Baixa | L13: Mapeado | O13: =IF(M13="","",M13+28) | R13: =IF(OR(G13="",Q13=""),"",Q13-G13) | S13: Consulta ampla; precisa de contexto.
A14: 14 | B14: Mesa de vidro | C14: como escolher fogão mesa de vidro | D14: como escolher fogão com mesa de vidro; como escolher fogão de mesa de vidro | E14: Informacional → investigação comercial | I14: /como-escolher-fogao-mesa-de-vidro/ | J14: Criar | K14: Alta | L14: Planejado | M14: 46270 | N14: Decisão estratégica — estudo de campo | O14: 46300 | S14: Nova URL de satélite de critérios pré-compra. Evidência: cluster mesa de vidro já tem forte aderência no GSC; concorrentes editoriais usam páginas de critérios; SERP apresenta AI Overview, PAA, vídeos, editoriais e produtos. Não usar 'melhor fogão mesa de vidro' como eixo do title/H1 para evitar disputa com o hub.
A15: 15 | B15: Mesa de vidro | C15: fogão mesa de vidro custo benefício | D15: fogão com mesa de vidro custo benefício; fogão mesa de vidro bom e barato | E15: Investigação comercial | I15: /fogao-mesa-de-vidro-custo-beneficio/ | J15: Criar | K15: Alta | L15: Planejado | M15: 46270 | N15: Decisão estratégica — estudo de campo | O15: 46300 | S15: Nova URL de satélite de valor. Intenção separada do ranking de mesa de vidro e complementar ao satélite de critérios. Volume específico não foi confirmado no lote; decisão baseada em convergência de arquitetura, concorrentes, SERP e caminho comercial. Title/H1 devem ser de valor, não 'melhor fogão'.

Sheet ENTRADAS SEMRUSH
A1: Data da exportação | B1: Keyword | C1: Posição | D1: Volume | E1: KD | F1: Intenção | G1: URL | H1: SERP Features | I1: Observações
A2: 46266 | I2: Cole novas exportações abaixo; não sobrescreva entradas antigas.

Sheet CALENDÁRIO
A1: Data da revisão | B1: ID | C1: Keyword | D1: URL dona | E1: Ação | F1: Prioridade | G1: Status
A2: ='MASTER SEO'!O2 | B2: ='MASTER SEO'!A2 | C2: ='MASTER SEO'!C2 | D2: ='MASTER SEO'!I2 | E2: Revisão programada | F2: ='MASTER SEO'!K2 | G2: ='MASTER SEO'!L2
A3: ='MASTER SEO'!O3 | B3: ='MASTER SEO'!A3 | C3: ='MASTER SEO'!C3 | D3: ='MASTER SEO'!I3 | E3: Revisão programada | F3: ='MASTER SEO'!K3 | G3: ='MASTER SEO'!L3
A4: ='MASTER SEO'!O4 | B4: ='MASTER SEO'!A4 | C4: ='MASTER SEO'!C4 | D4: ='MASTER SEO'!I4 | E4: Revisão programada | F4: ='MASTER SEO'!K4 | G4: ='MASTER SEO'!L4
A5: ='MASTER SEO'!O5 | B5: ='MASTER SEO'!A5 | C5: ='MASTER SEO'!C5 | D5: ='MASTER SEO'!I5 | E5: Revisão programada | F5: ='MASTER SEO'!K5 | G5: ='MASTER SEO'!L5
A6: ='MASTER SEO'!O6 | B6: ='MASTER SEO'!A6 | C6: ='MASTER SEO'!C6 | D6: ='MASTER SEO'!I6 | E6: Revisão programada | F6: ='MASTER SEO'!K6 | G6: ='MASTER SEO'!L6
A7: ='MASTER SEO'!O7 | B7: ='MASTER SEO'!A7 | C7: ='MASTER SEO'!C7 | D7: ='MASTER SEO'!I7 | E7: Revisão programada | F7: ='MASTER SEO'!K7 | G7: ='MASTER SEO'!L7
A8: ='MASTER SEO'!O8 | B8: ='MASTER SEO'!A8 | C8: ='MASTER SEO'!C8 | D8: ='MASTER SEO'!I8 | E8: Revisão programada | F8: ='MASTER SEO'!K8 | G8: ='MASTER SEO'!L8
A9: ='MASTER SEO'!O9 | B9: ='MASTER SEO'!A9 | C9: ='MASTER SEO'!C9 | D9: ='MASTER SEO'!I9 | E9: Revisão programada | F9: ='MASTER SEO'!K9 | G9: ='MASTER SEO'!L9
A10: ='MASTER SEO'!O10 | B10: ='MASTER SEO'!A10 | C10: ='MASTER SEO'!C10 | D10: ='MASTER SEO'!I10 | E10: Revisão programada | F10: ='MASTER SEO'!K10 | G10: ='MASTER SEO'!L10
A11: ='MASTER SEO'!O11 | B11: ='MASTER SEO'!A11 | C11: ='MASTER SEO'!C11 | D11: ='MASTER SEO'!I11 | E11: Revisão programada | F11: ='MASTER SEO'!K11 | G11: ='MASTER SEO'!L11
A12: ='MASTER SEO'!O12 | B12: ='MASTER SEO'!A12 | C12: ='MASTER SEO'!C12 | D12: ='MASTER SEO'!I12 | E12: Revisão programada | F12: ='MASTER SEO'!K12 | G12: ='MASTER SEO'!L12
A13: ='MASTER SEO'!O13 | B13: ='MASTER SEO'!A13 | C13: ='MASTER SEO'!C13 | D13: ='MASTER SEO'!I13 | E13: Revisão programada | F13: ='MASTER SEO'!K13 | G13: ='MASTER SEO'!L13
A14: 46300 | B14: 14 | C14: como escolher fogão mesa de vidro | D14: /como-escolher-fogao-mesa-de-vidro/ | E14: Revisar após publicação + dados GSC | F14: Alta | G14: Planejado
A15: 46300 | B15: 15 | C15: fogão mesa de vidro custo benefício | D15: /fogao-mesa-de-vidro-custo-beneficio/ | E15: Revisar após publicação + dados GSC | F15: Alta | G15: Planejado

Sheet HISTÓRICO
A1: Data | B1: ID | C1: Keyword | D1: URL | E1: Evento | F1: Posição antes | G1: Posição depois | H1: Alteração realizada | I1: Resultado | J1: Observações
A2: 46267 | B2: 6 | C2: fogao consul mesa de vidro | D2: /review-fogao-mesa-de-vidro-consul/ | E2: Otimização SEO on-page | F2: 24 | G2: 24 | H2: Meta description, abertura, desambiguação, H2s, tabela, FAQ e veredito | I2: Aguardando nova medição | J2: Build aprovado; aguardar indexação.
A3: 46270 | B3: 14 | C3: como escolher fogão mesa de vidro | D3: /como-escolher-fogao-mesa-de-vidro/ | E3: Decisão estratégica | H3: Incluída no MASTER após cruzamento concorrentes + GSC + SERP | J3: Nova página aprovada para planejamento; volume específico não confirmado no lote.
A4: 46270 | B4: 15 | C4: fogão mesa de vidro custo benefício | D4: /fogao-mesa-de-vidro-custo-beneficio/ | E4: Decisão estratégica | H4: Incluída no MASTER após cruzamento concorrentes + GSC + SERP | J4: Nova página aprovada para planejamento; volume específico não confirmado no lote.

Sheet LEIA-ME
A1: OBJETIVO | B1: Inventário operacional de SEO do Casa Prática Eletro.
A2: MASTER SEO | B2: Estado atual das keywords, URLs, decisões e prioridades.
A3: ENTRADAS SEMRUSH | B3: Local para acrescentar novas exportações sem apagar o histórico.
A4: HISTÓRICO | B4: Registro de alterações, posições antes/depois e resultados.
A5: CALENDÁRIO | B5: Revisões programadas; a próxima revisão é calculada 28 dias após uma alteração.
A6: REGRA | B6: Antes de criar nova página, verificar se uma URL existente pode ser a dona da intenção.
A7: FLUXO | B7: Semrush → Entradas → classificação → Master → ação → Histórico → revisão.
A8: CURSOR | B8: A planilha pode ser colocada no projeto e usada como fonte operacional para análises futuras.
A9: DADOS INICIAIS | B9: São os grupos/intensões já identificados; campos não confirmados permanecem vazios.

Sheet ESTUDO CAMPO 2026-09-05
A1: ESTUDO DE CAMPO — DECISÃO DE CONTEÚDO
A2: Data | B2: 2026-09-05
A3: Objetivo | B3: Encontrar novas oportunidades com demanda, intenção comercial, encaixe arquitetural e caminho de monetização.
A5: EVIDÊNCIA | B5: CONCLUSÃO | C5: IMPLICAÇÃO | D5: FONTE
A6: Concorrente editorial — Melhores Fogões | B6: Páginas de decisão (4/5 bocas, custo-benefício, cooktops) concentram tráfego estimado e keywords comerciais. | C6: Modelo editorial de decisão é validado no mercado. | D6: Export Top Pages 2026-09-04
A7: Concorrente editorial — Qual Melhor Comprar | B7: Cluster de fogões aparece em várias intenções: melhor, 4/5 bocas, marca, indução, grill e inox. | C7: Subintenções são tratadas como caminhos distintos. | D7: Export Positions 2026-09-04
A8: Concorrente editorial — Casa dos Eletrodomésticos | B8: Aparecem páginas específicas para mesa de vidro, medidas, marcas e instalação. | C8: Critérios pré-compra e dúvidas específicas têm espaço editorial. | D8: Export Positions 2026-09-04
A9: GSC Casa Prática — mesa de vidro | B9: 183 impressões posição 18,95; 48/11,54; 42/21,48; 29/12,72; 28/9,71; 19/11,84 em consultas de segurança/cuidados. | C9: É o cluster com convergência mais forte entre demanda real e arquitetura. | D9: GSC 3 meses — Consultas/Páginas
A10: GSC Casa Prática — reviews | B10: Reviews Consul/Electrolux/Brastemp aparecem em posições aproximadamente 4–8 em várias consultas de SKU. | C10: Formato review já tem aderência; não é necessário criar uma nova arquitetura comercial. | D10: GSC 3 meses — Páginas/Consultas
A11: GSC Casa Prática — 5 bocas | B11: Variantes de 'melhor fogão 5 bocas' acumulam impressões, mas ficam aproximadamente em posição 60+ e têm conflito histórico de URL. | C11: Não criar segunda money page; preservar ownership da Home. | D11: GSC + mapa arquitetural
A12: SERP — 'como escolher fogão com mesa de vidro' | B12: AI Overview, vídeos, PAA, editoriais e produtos; intenção informacional→comercial. | C12: Valida satélite de critérios, sem transformar em novo ranking. | D12: SERP observada em janela anônima
A13: SERP — 'fogão com mesa de vidro vale a pena' | B13: AI Overview, prós/contras, PAA, vídeos, editoriais e produtos; Casa Prática já aparece com comparativo vidro/inox. | C13: Não criar duplicata de vale a pena/comparativo; usar como jornada. | D13: SERP observada em janela anônima
A14: SERP — 'melhor fogão com mesa de vidro' | B14: Ranking e produtos dominam; hub de mesa de vidro já existe. | C14: Não criar segundo ranking; fortalecer satélites que alimentem o hub. | D14: SERP observada em janela anônima
A16: DECISÃO FINAL | B16: URL | C16: PRIORIDADE | D16: MOTIVO
A17: CRIAR | B17: /como-escolher-fogao-mesa-de-vidro/ | C17: 1 — Alta | D17: Fecha o estágio de critérios pré-compra do cluster mesa de vidro; baixa canibalização se não disputar 'melhor'.
... A21: NÃO CRIAR AGORA | B21: Nova página 'melhor fogão mesa de vidro' | C21: Bloqueado | D21: Hub já existe; nova URL duplicaria a intenção.
